account_id,account_type,owner,date,operation_type,amount,description,balance_after
ACC001,checking,Иванов И.И.,2025-09-06,deposit,12891.65,Зачисление зарплаты - Сумма: 12891.65 руб.,64486.82
ACC001,checking,Иванов И.И.,2025-09-15,deposit,3439.57,Пополнение наличными - Сумма: 3439.57 руб.,125056.31
ACC001,checking,Иванов И.И.,2025-09-15,deposit,19010.45,Пополнение наличными - Сумма: 19010.45 руб.,138548.02
ACC001,checking,Иванов И.И.,2025-09-28,withdrawal,13516.53,Снятие наличных в банкомате - Сумма: 13516.53 руб.,96631.56
ACC001,checking,Иванов И.И.,2025-10-02,deposit,16055.06,Зачисление зарплаты - Сумма: 16055.06 руб.,80541.88
ACC001,checking,Иванов И.И.,2025-10-06,deposit,23357.58,Перевод с другого счета - Сумма: 23357.58 руб.,161905.6
ACC001,checking,Иванов И.И.,2025-10-10,deposit,17831.63,Возврат средств - Сумма: 17831.63 руб.,179737.23
ACC001,checking,Иванов И.И.,2025-10-30,deposit,15695.95,Зачисление зарплаты - Сумма: 15695.95 руб.,106893.19
ACC001,checking,Иванов И.И.,2025-11-08,withdrawal,7921.0,Оплата интернета - Сумма: 7921.0 руб.,36225.43
ACC001,checking,Иванов И.И.,2025-11-17,deposit,23575.29,Возврат средств - Сумма: 23575.29 руб.,44146.43
ACC001,checking,Иванов И.И.,2025-11-19,deposit,15369.74,Зачисление зарплаты - Сумма: 15369.74 руб.,51595.17
ACC001,checking,Иванов И.И.,2025-11-19,withdrawal,14908.22,Покупка в магазине - Сумма: 14908.22 руб.,110148.09
ACC001,checking,Иванов И.И.,2025-11-20,withdrawal,8431.32,Снятие наличных в банкомате - Сумма: 8431.32 руб.,98461.87
ACC001,checking,Иванов И.И.,2025-11-23,deposit,23154.87,Перевод с другого счета - Сумма: 23154.87 руб.,121616.74
ACC001,checking,Иванов И.И.,2025-12-09,deposit,22906.01,Зачисление зарплаты - Сумма: 22906.01 руб.,119537.57
ACC001,checking,Иванов И.И.,2025-12-30,deposit,10655.36,Перевод от клиента - Сумма: 10655.36 руб.,91197.24
ACC002,savings,Петров П.П.,2025-09-09,withdrawal,10774.41,Снятие наличных в банкомате - Сумма: 10774.41 руб.,69655.91
ACC002,savings,Петров П.П.,2025-09-20,deposit,19089.4,Возврат средств - Сумма: 19089.4 руб.,43213.96
ACC002,savings,Петров П.П.,2025-09-24,withdrawal,692.68,Оплата услуг ЖКХ - Сумма: 692.68 руб.,63246.2
ACC002,savings,Петров П.П.,2025-10-08,withdrawal,2162.57,Снятие наличных в банкомате - Сумма: 2162.57 руб.,41051.39
ACC002,savings,Петров П.П.,2025-10-20,interest,148.15,Начисление процентов по вкладу - Сумма: 148.15 руб.,25545.72
ACC002,savings,Петров П.П.,2025-10-20,withdrawal,1561.07,Снятие наличных в банкомате - Сумма: 1561.07 руб.,23984.65
ACC002,savings,Петров П.П.,2025-10-22,withdrawal,3690.28,Снятие наличных в банкомате - Сумма: 3690.28 руб.,68202.88
ACC002,savings,Петров П.П.,2025-10-29,deposit,9326.31,Перевод от клиента - Сумма: 9326.31 руб.,25397.57
ACC002,savings,Петров П.П.,2025-10-31,withdrawal,2183.75,Оплата интернета - Сумма: 2183.75 руб.,67878.49
ACC002,savings,Петров П.П.,2025-11-20,interest,416.94,Начисление процентов по вкладу - Сумма: 416.94 руб.,71893.16
ACC002,savings,Петров П.П.,2025-11-26,interest,139.91,Начисление процентов по вкладу - Сумма: 139.91 руб.,24124.56
ACC002,savings,Петров П.П.,2025-12-04,deposit,12227.44,Перевод с другого счета - Сумма: 12227.44 руб.,80430.32
ACC002,savings,Петров П.П.,2025-12-08,deposit,13335.3,Возврат средств - Сумма: 13335.3 руб.,54386.69
ACC002,savings,Петров П.П.,2025-12-10,interest,93.21,Начисление процентов по вкладу - Сумма: 93.21 руб.,16071.26
ACC002,savings,Петров П.П.,2025-12-15,interest,406.33,Начисление процентов по вкладу - Сумма: 406.33 руб.,70062.24
ACC002,savings,Петров П.П.,2025-12-18,withdrawal,3939.61,Покупка в магазине - Сумма: 3939.61 руб.,63938.88
ACC002,savings,Петров П.П.,2025-12-21,deposit,17089.53,Пополнение наличными - Сумма: 17089.53 руб.,71476.22
ACC003,checking,Сидорова А.В.,2025-09-06,deposit,17244.64,Перевод от клиента - Сумма: 17244.64 руб.,81943.12
ACC003,checking,Сидорова А.В.,2025-09-16,deposit,4643.33,Возврат средств - Сумма: 4643.33 руб.,35670.82
ACC003,checking,Сидорова А.В.,2025-10-13,withdrawal,2192.47,Оплата интернета - Сумма: 2192.47 руб.,32087.51
ACC003,checking,Сидорова А.В.,2025-10-16,withdrawal,10981.77,Оплата услуг ЖКХ - Сумма: 10981.77 руб.,70961.35
ACC003,checking,Сидорова А.В.,2025-10-22,deposit,10049.86,Пополнение наличными - Сумма: 10049.86 руб.,42137.37
ACC003,checking,Сидорова А.В.,2025-10-25,deposit,17740.89,Возврат средств - Сумма: 17740.89 руб.,69325.53
ACC003,checking,Сидорова А.В.,2025-11-07,withdrawal,734.64,Покупка в магазине - Сумма: 734.64 руб.,36152.94
ACC003,checking,Сидорова А.В.,2025-11-17,deposit,9447.27,Возврат средств - Сумма: 9447.27 руб.,51584.64
ACC003,checking,Сидорова А.В.,2025-11-23,withdrawal,4627.05,Оплата интернета - Сумма: 4627.05 руб.,64698.48
ACC003,checking,Сидорова А.В.,2025-11-26,deposit,2057.21,Перевод с другого счета - Сумма: 2057.21 руб.,73018.56
ACC003,checking,Сидорова А.В.,2025-12-06,deposit,7148.41,Перевод от клиента - Сумма: 7148.41 руб.,43301.35
ACC003,checking,Сидорова А.В.,2025-12-13,withdrawal,6176.96,Перевод на карту - Сумма: 6176.96 руб.,37124.39
ACC003,checking,Сидорова А.В.,2025-12-15,deposit,8787.83,Перевод с другого счета - Сумма: 8787.83 руб.,81806.39
ACC003,checking,Сидорова А.В.,2025-12-16,withdrawal,1390.84,Покупка в магазине - Сумма: 1390.84 руб.,34279.98
ACC003,checking,Сидорова А.В.,2025-12-29,withdrawal,6096.9,Снятие наличных в банкомате - Сумма: 6096.9 руб.,31027.49
ACC004,savings,Козлов Д.М.,2025-09-03,deposit,15221.31,Зачисление зарплаты - Сумма: 15221.31 руб.,105854.87
ACC004,savings,Козлов Д.М.,2025-09-12,withdrawal,10324.76,Покупка в магазине - Сумма: 10324.76 руб.,75041.78
ACC004,savings,Козлов Д.М.,2025-09-12,deposit,9316.67,Перевод от клиента - Сумма: 9316.67 руб.,103575.21
ACC004,savings,Козлов Д.М.,2025-09-14,withdrawal,11596.33,Покупка в магазине - Сумма: 11596.33 руб.,94258.54
ACC004,savings,Козлов Д.М.,2025-09-20,withdrawal,13184.94,Снятие наличных в банкомате - Сумма: 13184.94 руб.,74511.76
ACC004,savings,Козлов Д.М.,2025-10-08,deposit,3804.21,Возврат средств - Сумма: 3804.21 руб.,147728.33
ACC004,savings,Козлов Д.М.,2025-10-12,deposit,13755.43,Возврат средств - Сумма: 13755.43 руб.,80087.12
ACC004,savings,Козлов Д.М.,2025-10-20,deposit,20855.2,Перевод с другого счета - Сумма: 20855.2 руб.,124430.41
ACC004,savings,Козлов Д.М.,2025-10-22,deposit,22060.7,Перевод от клиента - Сумма: 22060.7 руб.,99998.25
ACC004,savings,Козлов Д.М.,2025-10-26,deposit,14794.28,Зачисление зарплаты - Сумма: 14794.28 руб.,42881.01
ACC004,savings,Козлов Д.М.,2025-11-29,deposit,19493.71,Зачисление зарплаты - Сумма: 19493.71 руб.,143924.12
ACC004,savings,Козлов Д.М.,2025-11-30,withdrawal,12301.55,Снятие наличных в банкомате - Сумма: 12301.55 руб.,87696.7
ACC004,savings,Козлов Д.М.,2025-12-04,deposit,23450.68,Перевод с другого счета - Сумма: 23450.68 руб.,66331.69
ACC004,savings,Козлов Д.М.,2025-12-11,deposit,15687.15,Перевод от клиента - Сумма: 15687.15 руб.,90633.56
ACC004,savings,Козлов Д.М.,2025-12-13,deposit,2895.77,Перевод с другого счета - Сумма: 2895.77 руб.,77937.55
ACC004,savings,Козлов Д.М.,2025-12-16,interest,434.65,Начисление процентов по вкладу - Сумма: 434.65 руб.,74946.41
ACC004,savings,Козлов Д.М.,2025-12-20,deposit,5279.42,Перевод с другого счета - Сумма: 5279.42 руб.,85366.54
ACC005,checking,Новикова Е.С.,2025-09-04,deposit,13004.99,Перевод с другого счета - Сумма: 13004.99 руб.,54818.51
ACC005,checking,Новикова Е.С.,2025-09-05,deposit,9379.85,Возврат средств - Сумма: 9379.85 руб.,105072.12
ACC005,checking,Новикова Е.С.,2025-09-13,deposit,20621.82,Возврат средств - Сумма: 20621.82 руб.,125116.11
ACC005,checking,Новикова Е.С.,2025-10-04,deposit,19974.76,Пополнение наличными - Сумма: 19974.76 руб.,41813.52
ACC005,checking,Новикова Е.С.,2025-10-09,withdrawal,577.83,Оплата интернета - Сумма: 577.83 руб.,104494.29
ACC005,checking,Новикова Е.С.,2025-10-26,withdrawal,13101.7,Снятие наличных в банкомате - Сумма: 13101.7 руб.,95692.27
ACC005,checking,Новикова Е.С.,2025-10-28,withdrawal,1904.1,Перевод на карту - Сумма: 1904.1 руб.,21838.76
ACC005,checking,Новикова Е.С.,2025-11-09,deposit,8618.72,Перевод от клиента - Сумма: 8618.72 руб.,71760.85
ACC005,checking,Новикова Е.С.,2025-11-14,deposit,21894.31,Пополнение наличными - Сумма: 21894.31 руб.,93655.16
ACC005,checking,Новикова Е.С.,2025-11-28,deposit,17919.43,Пополнение наличными - Сумма: 17919.43 руб.,72737.94
ACC005,checking,Новикова Е.С.,2025-12-03,deposit,7595.81,Зачисление зарплаты - Сумма: 7595.81 руб.,21322.46
ACC005,checking,Новикова Е.С.,2025-12-07,deposit,2420.4,Перевод от клиента - Сумма: 2420.4 руб.,23742.86
ACC005,checking,Новикова Е.С.,2025-12-11,withdrawal,9595.81,Снятие наличных в банкомате - Сумма: 9595.81 руб.,63142.13
ACC005,checking,Новикова Е.С.,2025-12-23,deposit,12625.99,Зачисление зарплаты - Сумма: 12625.99 руб.,108793.97
ACC005,checking,Новикова Е.С.,2025-12-30,deposit,2512.82,Возврат средств - Сумма: 2512.82 руб.,96167.98
